Name,Source,Year,Continent,Country,SRA,BioProject,BioSample
53438,Human,2018,Asia,Lebanon,SRR18803070,PRJNA827950,SAMN27625407
A10,Companion Animal,2017,Europe,France,SRR18803087,PRJNA827950,SAMN27625392
AA23,Companion Animal,2017,Europe,France,SRR18803086,PRJNA827950,SAMN27625393
AA25,Companion Animal,2017,Europe,France,SRR18803084,PRJNA827950,SAMN27625394
B09,Companion Animal,2017,Europe,France,SRR18803083,PRJNA827950,SAMN27625395
CHOG5,Human,ND,South America,French Guiana,SRR18803068,PRJNA827950,SAMN27625409
CVAST0125,Companion Animal,2014,North America,United States,SRR18803108,PRJNA827950,SAMN27625364
CVAST0688,Companion Animal,2015,North America,United States,SRR18803107,PRJNA827950,SAMN27625365
CVAST1048,Companion Animal,2015,North America,United States,SRR18803096,PRJNA827950,SAMN27625366
CVAST1624,Companion Animal,2015,North America,United States,SRR18803085,PRJNA827950,SAMN27625367
CVAST2561,Human,2016,North America,United States,SRR18803074,PRJNA827950,SAMN27625368
DRR102837,Human,2015,Asia,Japan,DRR102837,PRJDB5579,SAMD00077245
E05,Companion Animal,2017,Europe,France,SRR18803082,PRJNA827950,SAMN27625396
ERR3328344,Wild Animal,2016,Africa,Kenya,ERR3328344,PRJEB32607,SAMEA5610664
ERR3330197,Wild Animal,2015,Africa,Kenya,ERR3330197,PRJEB32607,SAMEA5611701
ERR3330558,Human,2016,Africa,Kenya,ERR3330558,PRJEB32607,SAMEA5612063
ERR4254378,Livestock,1980,Europe,Czechia,ERR4254378,PRJEB38876,SAMEA6968490
F02,Companion Animal,2017,Europe,France,SRR18803081,PRJNA827950,SAMN27625397
FG24,Human,ND,Africa,Reunion,SRR18803069,PRJNA827950,SAMN27625408
I53,Companion Animal,2017,Europe,France,SRR18803080,PRJNA827950,SAMN27625398
J02,Companion Animal,2017,Europe,France,SRR18803079,PRJNA827950,SAMN27625399
J25,Companion Animal,2017,Europe,France,SRR18803078,PRJNA827950,SAMN27625400
M17,Companion Animal,2017,Europe,France,SRR18803077,PRJNA827950,SAMN27625401
M27,Companion Animal,2017,Europe,France,SRR18803076,PRJNA827950,SAMN27625402
MVAST0896,Human,2012,North America,United States,SRR18803067,PRJNA827950,SAMN27625369
MVAST2235,Human,2014,North America,United States,SRR18803066,PRJNA827950,SAMN27625370
MVAST2992,Human,2015,North America,United States,SRR18803065,PRJNA827950,SAMN27625371
MVAST3050,Human,2015,North America,United States,SRR18803064,PRJNA827950,SAMN27625372
MVAST4250,Human,2016,North America,United States,SRR18803063,PRJNA827950,SAMN27625373
MVAST4963,Human,2017,North America,United States,SRR18803106,PRJNA827950,SAMN27625374
MVAST5048,Human,2017,North America,United States,SRR18803105,PRJNA827950,SAMN27625375
MVAST5424,Human,2017,North America,United States,SRR18803104,PRJNA827950,SAMN27625376
MVAST5551,Human,2017,North America,United States,SRR18803103,PRJNA827950,SAMN27625377
MVAST5844,Human,2018,North America,United States,SRR18803102,PRJNA827950,SAMN27625378
MVAST6003,Human,2018,North America,United States,SRR18803101,PRJNA827950,SAMN27625379
MVAST6197,Human,2018,North America,United States,SRR18803100,PRJNA827950,SAMN27625380
MVAST6277,Human,2018,North America,United States,SRR18803099,PRJNA827950,SAMN27625381
MVAST6306,Human,2018,North America,United States,SRR18803098,PRJNA827950,SAMN27625382
MVAST6321,Human,2018,North America,United States,SRR18803097,PRJNA827950,SAMN27625383
MVAST6379,Human,2018,North America,United States,SRR18803095,PRJNA827950,SAMN27625384
MVAST6578,Human,2018,North America,United States,SRR18803094,PRJNA827950,SAMN27625385
MVAST6839,Human,2019,North America,United States,SRR18803093,PRJNA827950,SAMN27625386
MVAST6902,Human,2019,North America,United States,SRR18803092,PRJNA827950,SAMN27625387
MVAST6977,Human,2019,North America,United States,SRR18803091,PRJNA827950,SAMN27625388
MVAST7143,Human,2019,North America,United States,SRR18803090,PRJNA827950,SAMN27625389
MVAST7265,Human,2019,North America,United States,SRR18803089,PRJNA827950,SAMN27625390
MVAST7341,Human,2019,North America,United States,SRR18803088,PRJNA827950,SAMN27625391
MVC107,Companion Animal,2009,Oceania,Australia,SRR14629735,PRJNA678027,SAMN16787470
MVC108,Companion Animal,2009,Oceania,Australia,SRR14629944,PRJNA678027,SAMN16787471
MVC121,Companion Animal,2010,Oceania,Australia,SRR14629878,PRJNA678027,SAMN16787478
MVC136,Companion Animal,2010,Oceania,Australia,SRR14629668,PRJNA678027,SAMN16787487
MVC138,Companion Animal,2010,Oceania,Australia,SRR14629646,PRJNA678027,SAMN16787489
MVC152,Companion Animal,2009,Oceania,Australia,SRR14629775,PRJNA678027,SAMN16787498
MVC166,Companion Animal,2010,Oceania,Australia,SRR14629951,PRJNA678027,SAMN16787503
MVC18,Companion Animal,2008,Oceania,Australia,SRR14629745,PRJNA678027,SAMN16787507
MVC20,Companion Animal,2008,Oceania,Australia,SRR14629737,PRJNA678027,SAMN16787515
MVC206,Companion Animal,2011,Oceania,Australia,SRR14629732,PRJNA678027,SAMN16787520
MVC214,Companion Animal,2011,Oceania,Australia,SRR14629945,PRJNA678027,SAMN16787527
MVC234,Companion Animal,2011,Oceania,Australia,SRR14629935,PRJNA678027,SAMN16787536
MVC252,Companion Animal,2011,Oceania,Australia,SRR14629929,PRJNA678027,SAMN16787541
MVC262,Companion Animal,2011,Oceania,Australia,SRR14629923,PRJNA678027,SAMN16787547
MVC266,Companion Animal,2012,Oceania,Australia,SRR14629920,PRJNA678027,SAMN16787549
MVC27,Companion Animal,2009,Oceania,Australia,SRR14629918,PRJNA678027,SAMN16787551
MVC272,Companion Animal,2012,Oceania,Australia,SRR14629916,PRJNA678027,SAMN16787553
MVC286,Companion Animal,2012,Oceania,Australia,SRR14629721,PRJNA678027,SAMN16787563
MVC29,Companion Animal,2009,Oceania,Australia,SRR14629719,PRJNA678027,SAMN16787565
MVC30,Companion Animal,2009,Oceania,Australia,SRR14629906,PRJNA678027,SAMN16787572
MVC304,Companion Animal,2012,Oceania,Australia,SRR14629902,PRJNA678027,SAMN16787577
MVC309,Companion Animal,2012,Oceania,Australia,SRR14629897,PRJNA678027,SAMN16787581
MVC31,Companion Animal,2009,Oceania,Australia,SRR14629896,PRJNA678027,SAMN16787582
MVC324,Companion Animal,2012,Oceania,Australia,SRR14629887,PRJNA678027,SAMN16787590
MVC327,Companion Animal,2013,Oceania,Australia,SRR14629885,PRJNA678027,SAMN16787592
MVC374,Companion Animal,2013,Oceania,Australia,SRR14629702,PRJNA678027,SAMN16787616
MVC378_P5,Companion Animal,2013,Oceania,Australia,SRR14629698,PRJNA678027,SAMN16787619
MVC380,Companion Animal,2013,Oceania,Australia,SRR14629697,PRJNA678027,SAMN16787620
MVC387,Companion Animal,2013,Oceania,Australia,SRR14629693,PRJNA678027,SAMN16787624
MVC390,Companion Animal,2013,Oceania,Australia,SRR14629691,PRJNA678027,SAMN16787626
MVC401,Companion Animal,2013,Oceania,Australia,SRR14629685,PRJNA678027,SAMN16787631
MVC414,Companion Animal,2013,Oceania,Australia,SRR14629868,PRJNA678027,SAMN16787640
MVC416,Companion Animal,2013,Oceania,Australia,SRR14629866,PRJNA678027,SAMN16787642
MVC422,Companion Animal,2014,Oceania,Australia,SRR14629861,PRJNA678027,SAMN16787647
MVC426,Companion Animal,2014,Oceania,Australia,SRR14629857,PRJNA678027,SAMN16787650
MVC434,Companion Animal,2014,Oceania,Australia,SRR14629853,PRJNA678027,SAMN16787654
MVC437,Companion Animal,2014,Oceania,Australia,SRR14629851,PRJNA678027,SAMN16787656
MVC439,Companion Animal,2014,Oceania,Australia,SRR14629849,PRJNA678027,SAMN16787658
MVC450,Companion Animal,2014,Oceania,Australia,SRR14629841,PRJNA678027,SAMN16787665
MVC460,Companion Animal,2014,Oceania,Australia,SRR14629676,PRJNA678027,SAMN16787671
MVC48,Companion Animal,2009,Oceania,Australia,SRR14629662,PRJNA678027,SAMN16787684
MVC494,Companion Animal,2014,Oceania,Australia,SRR14629652,PRJNA678027,SAMN16787694
MVC499,Companion Animal,2015,Oceania,Australia,SRR14629647,PRJNA678027,SAMN16787699
MVC507,Companion Animal,2015,Oceania,Australia,SRR14629834,PRJNA678027,SAMN16787704
MVC515,Companion Animal,2015,Oceania,Australia,SRR14629826,PRJNA678027,SAMN16787711
MVC520,Companion Animal,2015,Oceania,Australia,SRR14629825,PRJNA678027,SAMN16787712
MVC539,Companion Animal,2015,Oceania,Australia,SRR14629809,PRJNA678027,SAMN16787727
MVC542,Companion Animal,2015,Oceania,Australia,SRR14629807,PRJNA678027,SAMN16787729
MVC549,Companion Animal,2015,Oceania,Australia,SRR14629803,PRJNA678027,SAMN16787732
MVC552,Companion Animal,2015,Oceania,Australia,SRR14629642,PRJNA678027,SAMN16787736
MVC586,Companion Animal,2016,Oceania,Australia,SRR14629620,PRJNA678027,SAMN16787756
MVC60,Companion Animal,2009,Oceania,Australia,SRR14629611,PRJNA678027,SAMN16787764
MVC61,Companion Animal,2009,Oceania,Australia,SRR14629800,PRJNA678027,SAMN16787768
MVC628,Companion Animal,2016,Oceania,Australia,SRR14629788,PRJNA678027,SAMN16787778
MVC629,Companion Animal,2016,Oceania,Australia,SRR14629787,PRJNA678027,SAMN16787779
MVC63,Companion Animal,2009,Oceania,Australia,SRR14629785,PRJNA678027,SAMN16787780
MVC657,Companion Animal,2016,Oceania,Australia,SRR14629778,PRJNA678027,SAMN16787788
MVC660,Companion Animal,2016,Oceania,Australia,SRR14629776,PRJNA678027,SAMN16787790
MVC661,Companion Animal,2016,Oceania,Australia,SRR14629774,PRJNA678027,SAMN16787791
MVC674,Companion Animal,2016,Oceania,Australia,SRR14629770,PRJNA678027,SAMN16787795
MVC682,Companion Animal,2017,Oceania,Australia,SRR14629767,PRJNA678027,SAMN16787798
MVC745,Companion Animal,2017,Oceania,Australia,SRR14629598,PRJNA678027,SAMN16787809
MVC773,Companion Animal,2017,Oceania,Australia,SRR14629586,PRJNA678027,SAMN16787820
MVC780,Companion Animal,2017,Oceania,Australia,SRR14629581,PRJNA678027,SAMN16787824
MVC799,Companion Animal,2007,Oceania,Australia,SRR14629765,PRJNA678027,SAMN16787833
MVC93,Companion Animal,2009,Oceania,Australia,SRR14629753,PRJNA678027,SAMN16787845
MVC94,Companion Animal,2009,Oceania,Australia,SRR14629752,PRJNA678027,SAMN16787846
MVC95,Companion Animal,2009,Oceania,Australia,SRR14629751,PRJNA678027,SAMN16787847
SD_11_H9,Wild Animal,2019,Oceania,Australia,SRR18847963,PRJNA827950,SAMN27684714
SD_3_A6,Wild Animal,2019,Oceania,Australia,SRR18847962,PRJNA827950,SAMN27684715
SD_3_B6,Wild Animal,2019,Oceania,Australia,SRR18847961,PRJNA827950,SAMN27684716
SD_3_B9,Wild Animal,2019,Oceania,Australia,SRR18847960,PRJNA827950,SAMN27684721
SD_3_C4,Wild Animal,2019,Oceania,Australia,SRR18847959,PRJNA827950,SAMN27684717
SD_3_C5,Wild Animal,2019,Oceania,Australia,SRR18847958,PRJNA827950,SAMN27684718
SD_3_E5,Wild Animal,2019,Oceania,Australia,SRR18847957,PRJNA827950,SAMN27684719
SD_3_H4,Wild Animal,2019,Oceania,Australia,SRR18847956,PRJNA827950,SAMN27684720
SRR10094650,Companion Animal,2019,North America,United States,SRR10094650,PRJNA324573,SAMN12722928
SRR10094673,Companion Animal,2019,North America,United States,SRR10094673,PRJNA324573,SAMN12722936
SRR10095182,Companion Animal,2019,North America,United States,SRR10095182,PRJNA324573,SAMN12723017
SRR10095184,Companion Animal,2019,North America,United States,SRR10095184,PRJNA324573,SAMN12723019
SRR10126810,Human,2017,Oceania,Australia,SRR10126810,PRJNA565795,SAMN12768659
SRR10126812,Human,2017,Oceania,Australia,SRR10126812,PRJNA565795,SAMN12768657
SRR10211824,Companion Animal,2019,North America,United States,SRR10211824,PRJNA324565,SAMN12881535
SRR10230814,Companion Animal,2013,Europe,Spain,SRR10230814,PRJNA575837,SAMN12911894
SRR10230841,Companion Animal,2014,Europe,Poland,SRR10230841,PRJNA575837,SAMN12911927
SRR10230876,Companion Animal,2013,Europe,Spain,SRR10230876,PRJNA575837,SAMN12911895
SRR10257977,Companion Animal,2019,North America,United States,SRR10257977,PRJNA481346,SAMN13012454
SRR10258156,Companion Animal,2019,North America,United States,SRR10258156,PRJNA481346,SAMN13012495
SRR10258181,Companion Animal,2019,North America,United States,SRR10258181,PRJNA481346,SAMN13012543
SRR10302014,Companion Animal,2019,North America,United States,SRR10302014,PRJNA481346,SAMN13049606
SRR10302027,Companion Animal,2019,North America,United States,SRR10302027,PRJNA481346,SAMN13050471
SRR10384563,Companion Animal,2019,North America,United States,SRR10384563,PRJNA324573,SAMN13178654
SRR10384590,Companion Animal,2019,North America,United States,SRR10384590,PRJNA324573,SAMN13178657
SRR10429302,Companion Animal,2019,North America,United States,SRR10429302,PRJNA325243,SAMN13262693
SRR10502041,Companion Animal,2019,North America,United States,SRR10502041,PRJNA324565,SAMN13340359
SRR10535885,Companion Animal,2019,North America,United States,SRR10535885,PRJNA481346,SAMN13392122
SRR10559650,Companion Animal,2019,North America,United States,SRR10559650,PRJNA324565,SAMN13429594
SRR10568449,Human,2017,Europe,Belgium,SRR10568449,PRJNA592372,SAMN13422921
SRR10597531,Companion Animal,2013,North America,United States,SRR10597531,PRJNA593904,SAMN13495666
SRR10597532,Companion Animal,2013,North America,United States,SRR10597532,PRJNA593904,SAMN13495665
SRR10597533,Companion Animal,2013,North America,United States,SRR10597533,PRJNA593904,SAMN13495664
SRR10814974,Companion Animal,2019,North America,United States,SRR10814974,PRJNA318589,SAMN13708351
SRR10823741,Companion Animal,2019,North America,United States,SRR10823741,PRJNA318589,SAMN13719085
SRR10947173,Companion Animal,2019,North America,United States,SRR10947173,PRJNA324573,SAMN13898675
SRR10947454,Companion Animal,2019,North America,United States,SRR10947454,PRJNA324573,SAMN13898692
SRR10947527,Companion Animal,2019,North America,United States,SRR10947527,PRJNA324573,SAMN13898666
SRR10947559,Companion Animal,2019,North America,United States,SRR10947559,PRJNA324573,SAMN13898685
SRR10948370,Environment,2019,North America,United States,SRR10948370,PRJNA283914,SAMN13898877
SRR10963348,Companion Animal,2019,North America,N/A,SRR10963348,PRJNA324573,SAMN13920680
SRR10996852,Companion Animal,2019,North America,United States,SRR10996852,PRJNA324573,SAMN13944380
SRR10996857,Companion Animal,2019,North America,United States,SRR10996857,PRJNA324573,SAMN13944367
SRR10996858,Companion Animal,2019,North America,United States,SRR10996858,PRJNA324573,SAMN13944366
SRR11029655,Companion Animal,2019,North America,United States,SRR11029655,PRJNA318589,SAMN14008726
SRR11029832,Companion Animal,2019,North America,United States,SRR11029832,PRJNA318589,SAMN14009998
SRR11029834,Companion Animal,2019,North America,United States,SRR11029834,PRJNA318589,SAMN14009997
SRR11029841,Companion Animal,2019,North America,United States,SRR11029841,PRJNA318589,SAMN14009994
SRR11043404,Wild Animal,2019,North America,United States,SRR11043404,PRJNA481346,SAMN14068986
SRR11043405,Companion Animal,2019,North America,N/A,SRR11043405,PRJNA481346,SAMN14068987
SRR11080856,Companion Animal,2019,North America,United States,SRR11080856,PRJNA324573,SAMN13981360
SRR11080859,Companion Animal,2019,North America,United States,SRR11080859,PRJNA324573,SAMN13981359
SRR11080867,Companion Animal,2019,North America,United States,SRR11080867,PRJNA324573,SAMN13981366
SRR11080869,Companion Animal,2019,North America,United States,SRR11080869,PRJNA324573,SAMN13981364
SRR11080870,Companion Animal,2019,North America,United States,SRR11080870,PRJNA324573,SAMN13981363
SRR11101126,Companion Animal,2019,North America,United States,SRR11101126,PRJNA318591,SAMN14125157
SRR11101175,Companion Animal,2019,North America,United States,SRR11101175,PRJNA318591,SAMN14125549
SRR11101177,Companion Animal,2019,North America,United States,SRR11101177,PRJNA318591,SAMN14125560
SRR11101199,Companion Animal,2019,North America,United States,SRR11101199,PRJNA318591,SAMN14125568
SRR11101255,Companion Animal,2019,North America,United States,SRR11101255,PRJNA318591,SAMN14125638
SRR11101259,Companion Animal,2019,North America,United States,SRR11101259,PRJNA318591,SAMN14125644
SRR11101262,Companion Animal,2019,North America,United States,SRR11101262,PRJNA481346,SAMN14125658
SRR11187237,Environment,2019,North America,United States,SRR11187237,PRJNA283914,SAMN14214495
SRR11251331,Environment,2019,North America,United States,SRR11251331,PRJNA283914,SAMN14316621
SRR11266544,Companion Animal,2019,North America,United States,SRR11266544,PRJNA481346,SAMN14331107
SRR11319477,Companion Animal,2019,North America,United States,SRR11319477,PRJNA324573,SAMN14384389
SRR11319479,Companion Animal,2019,North America,United States,SRR11319479,PRJNA324573,SAMN14384387
SRR11319482,Companion Animal,2019,North America,United States,SRR11319482,PRJNA324573,SAMN14384379
SRR11319492,Companion Animal,2019,North America,United States,SRR11319492,PRJNA324573,SAMN14384392
SRR11319494,Companion Animal,2019,North America,United States,SRR11319494,PRJNA324573,SAMN14384377
SRR11449852,Companion Animal,2019,North America,United States,SRR11449852,PRJNA481346,SAMN14486738
SRR11451393,Companion Animal,2019,North America,N/A,SRR11451393,PRJNA481346,SAMN14488130
SRR11451396,Companion Animal,2019,North America,United States,SRR11451396,PRJNA481346,SAMN14488144
SRR11454228,Companion Animal,2010,Europe,Germany,SRR11454228,PRJNA616452,SAMN14491230
SRR11484486,Companion Animal,2008,North America,United States,SRR11484486,PRJNA357722,SAMN14503216
SRR11484529,Companion Animal,2007,North America,United States,SRR11484529,PRJNA357722,SAMN14503196
SRR11484681,Companion Animal,1985,North America,United States,SRR11484681,PRJNA357722,SAMN14503350
SRR11487804,Companion Animal,2019,North America,United States,SRR11487804,PRJNA481346,SAMN14544546
SRR11487832,Companion Animal,2019,North America,United States,SRR11487832,PRJNA481346,SAMN14544565
SRR11487861,Companion Animal,2019,North America,United States,SRR11487861,PRJNA481346,SAMN14544544
SRR11495793,Human,2006,Oceania,Australia,SRR11495793,PRJNA623470,SAMN14547726
SRR11561239,Companion Animal,2019,North America,United States,SRR11561239,PRJNA324573,SAMN14605678
SRR11612991,Wild Animal,2017,Oceania,Australia,SRR11612991,PRJNA602163,SAMN13884686
SRR11658535,Livestock,2017,Oceania,Australia,SRR11658535,PRJNA509690,SAMN10587060
SRR11658586,Livestock,2017,Oceania,Australia,SRR11658586,PRJNA509690,SAMN10587013
SRR11668362,Companion Animal,2013,Europe,Spain,SRR11668362,PRJNA627579,SAMN14677018
SRR11668363,Companion Animal,2013,Europe,Spain,SRR11668363,PRJNA627579,SAMN14677017
SRR11668364,Companion Animal,2013,Europe,Spain,SRR11668364,PRJNA627579,SAMN14677016
SRR11668365,Companion Animal,2013,Europe,Spain,SRR11668365,PRJNA627579,SAMN14677015
SRR11668366,Companion Animal,2017,Europe,Spain,SRR11668366,PRJNA627579,SAMN14677014
SRR11668367,Companion Animal,2017,Europe,Spain,SRR11668367,PRJNA627579,SAMN14677013
SRR11668368,Companion Animal,2017,Europe,Spain,SRR11668368,PRJNA627579,SAMN14677012
SRR11668369,Companion Animal,2017,Europe,Spain,SRR11668369,PRJNA627579,SAMN14677031
SRR11668370,Companion Animal,2017,Europe,Spain,SRR11668370,PRJNA627579,SAMN14677030
SRR11668371,Companion Animal,2017,Europe,Spain,SRR11668371,PRJNA627579,SAMN14677029
SRR11668372,Companion Animal,2017,Europe,Spain,SRR11668372,PRJNA627579,SAMN14677011
SRR11668373,Companion Animal,2017,Europe,Spain,SRR11668373,PRJNA627579,SAMN14677028
SRR11668374,Companion Animal,2017,Europe,Spain,SRR11668374,PRJNA627579,SAMN14677027
SRR11668375,Companion Animal,2017,Europe,Spain,SRR11668375,PRJNA627579,SAMN14677026
SRR11668376,Companion Animal,2016,Europe,Spain,SRR11668376,PRJNA627579,SAMN14677025
SRR11668377,Companion Animal,2016,Europe,Spain,SRR11668377,PRJNA627579,SAMN14677024
SRR11668378,Companion Animal,2013,Europe,Spain,SRR11668378,PRJNA627579,SAMN14677023
SRR11668379,Companion Animal,2013,Europe,Spain,SRR11668379,PRJNA627579,SAMN14677022
SRR11668380,Companion Animal,2013,Europe,Spain,SRR11668380,PRJNA627579,SAMN14677021
SRR11668381,Companion Animal,2013,Europe,Spain,SRR11668381,PRJNA627579,SAMN14677020
SRR11668382,Companion Animal,2013,Europe,Spain,SRR11668382,PRJNA627579,SAMN14677019
SRR11668383,Human,2016,Europe,France,SRR11668383,PRJNA627579,SAMN14677010
SRR11668384,Human,2016,Europe,Spain,SRR11668384,PRJNA627579,SAMN14677009
SRR11783247,Companion Animal,2019,North America,United States,SRR11783247,PRJNA324565,SAMN14911219
SRR11783249,Companion Animal,2019,North America,United States,SRR11783249,PRJNA324565,SAMN14911218
SRR11783284,Companion Animal,2019,North America,United States,SRR11783284,PRJNA324565,SAMN14911290
SRR11871288,Human,2016,Europe,Netherlands,SRR11871288,PRJNA592140,SAMN15052522
SRR11892809,Companion Animal,2019,North America,Canada,SRR11892809,PRJNA503851,SAMN15073136
SRR11892810,Companion Animal,2019,North America,Canada,SRR11892810,PRJNA503851,SAMN15073106
SRR11892812,Companion Animal,2019,North America,Canada,SRR11892812,PRJNA503851,SAMN15073093
SRR11892815,Companion Animal,2019,North America,Canada,SRR11892815,PRJNA503851,SAMN15073208
SRR11892828,Companion Animal,2019,North America,Canada,SRR11892828,PRJNA503851,SAMN15073209
SRR11892829,Companion Animal,2019,North America,Canada,SRR11892829,PRJNA503851,SAMN15073217
SRR11892848,Companion Animal,2019,North America,Canada,SRR11892848,PRJNA503851,SAMN15073306
SRR11892864,Companion Animal,2019,North America,Canada,SRR11892864,PRJNA503851,SAMN15073308
SRR11892866,Companion Animal,2019,North America,Canada,SRR11892866,PRJNA503851,SAMN15073313
SRR11997338,Companion Animal,2019,North America,Canada,SRR11997338,PRJNA503851,SAMN15073342
SRR12017858,Companion Animal,2019,North America,United States,SRR12017858,PRJNA318589,SAMN15239395
SRR12017880,Companion Animal,2019,North America,United States,SRR12017880,PRJNA318589,SAMN15239385
SRR12056274,Human,2004,North America,United States,SRR12056274,PRJNA640587,SAMN15325934
SRR12075376,Companion Animal,2020,North America,United States,SRR12075376,PRJNA324573,SAMN15349899
SRR12272109,Companion Animal,2020,North America,United States,SRR12272109,PRJNA324573,SAMN15569257
SRR12377545,Companion Animal,2020,North America,United States,SRR12377545,PRJNA481346,SAMN15717387
SRR12378058,Companion Animal,2020,North America,United States,SRR12378058,PRJNA481346,SAMN15717929
SRR12387678,Companion Animal,2020,North America,United States,SRR12387678,PRJNA324573,SAMN15729772
SRR12387684,Companion Animal,2020,North America,United States,SRR12387684,PRJNA324573,SAMN15729761
SRR12395469,Companion Animal,2019,North America,United States,SRR12395469,PRJNA324565,SAMN15690526
SRR12395471,Companion Animal,2019,North America,United States,SRR12395471,PRJNA324565,SAMN15690524
SRR12424844,Human,2019,North America,United States,SRR12424844,PRJNA283914,SAMN15777164
SRR12424849,Human,2019,North America,United States,SRR12424849,PRJNA283914,SAMN15777160
SRR12424856,Human,2019,North America,United States,SRR12424856,PRJNA283914,SAMN15777150
SRR12509139,Human,2016,North America,United States,SRR12509139,PRJNA658369,SAMN15868779
SRR12584078,Human,2019,North America,United States,SRR12584078,PRJNA283914,SAMN16054347
SRR12663939,Environment,2020,North America,United States,SRR12663939,PRJNA283914,SAMN16202557
SRR12699128,Companion Animal,2019,North America,United States,SRR12699128,PRJNA318589,SAMN15776731
SRR12699139,Companion Animal,2019,North America,United States,SRR12699139,PRJNA318589,SAMN15776728
SRR12733261,Companion Animal,2020,North America,United States,SRR12733261,PRJNA324565,SAMN16282950
SRR12736111,Companion Animal,2020,North America,United States,SRR12736111,PRJNA481346,SAMN16285889
SRR12744005,Companion Animal,2019,North America,Canada,SRR12744005,PRJNA503851,SAMN16129786
SRR12744007,Companion Animal,2019,North America,Canada,SRR12744007,PRJNA503851,SAMN16129784
SRR12744011,Companion Animal,2019,North America,Canada,SRR12744011,PRJNA503851,SAMN16129810
SRR12744016,Companion Animal,2019,North America,Canada,SRR12744016,PRJNA503851,SAMN16129806
SRR12744020,Companion Animal,2019,North America,Canada,SRR12744020,PRJNA503851,SAMN16129802
SRR12744024,Companion Animal,2019,North America,Canada,SRR12744024,PRJNA503851,SAMN16129797
SRR12744027,Companion Animal,2019,North America,Canada,SRR12744027,PRJNA503851,SAMN16129795
SRR12744028,Companion Animal,2019,North America,Canada,SRR12744028,PRJNA503851,SAMN16129794
SRR12744031,Companion Animal,2019,North America,Canada,SRR12744031,PRJNA503851,SAMN16129791
SRR12744032,Companion Animal,2019,North America,Canada,SRR12744032,PRJNA503851,SAMN16129790
SRR12744034,Companion Animal,2019,North America,Canada,SRR12744034,PRJNA503851,SAMN16129788
SRR12744053,Companion Animal,2019,North America,Canada,SRR12744053,PRJNA503851,SAMN16129760
SRR12744054,Companion Animal,2019,North America,Canada,SRR12744054,PRJNA503851,SAMN16129759
SRR12744061,Companion Animal,2019,North America,Canada,SRR12744061,PRJNA503851,SAMN16129777
SRR12744063,Companion Animal,2019,North America,Canada,SRR12744063,PRJNA503851,SAMN16129775
SRR12744066,Companion Animal,2019,North America,Canada,SRR12744066,PRJNA503851,SAMN16129772
SRR12744070,Companion Animal,2019,North America,Canada,SRR12744070,PRJNA503851,SAMN16129769
SRR12744071,Companion Animal,2019,North America,Canada,SRR12744071,PRJNA503851,SAMN16129768
SRR12744076,Companion Animal,2019,North America,Canada,SRR12744076,PRJNA503851,SAMN16129763
SRR12744080,Companion Animal,2019,North America,Canada,SRR12744080,PRJNA503851,SAMN16129750
SRR12764110,Human,2019,North America,United States,SRR12764110,PRJNA475751,SAMN16340136
SRR12825270,Companion Animal,2020,North America,United States,SRR12825270,PRJNA324565,SAMN16428975
SRR12825272,Companion Animal,2020,North America,United States,SRR12825272,PRJNA324565,SAMN16428973
SRR12845309,Companion Animal,2020,North America,United States,SRR12845309,PRJNA481346,SAMN16480745
SRR12845405,Companion Animal,2020,North America,United States,SRR12845405,PRJNA481346,SAMN16480831
SRR12845592,Companion Animal,2020,North America,United States,SRR12845592,PRJNA481346,SAMN16481069
SRR12845610,Companion Animal,2020,North America,United States,SRR12845610,PRJNA481346,SAMN16481071
SRR12849895,Companion Animal,2019,North America,United States,SRR12849895,PRJNA318589,SAMN16484192
SRR12849898,Companion Animal,2019,North America,United States,SRR12849898,PRJNA318589,SAMN16484189
SRR12898999,Companion Animal,2020,North America,United States,SRR12898999,PRJNA324573,SAMN16551989
SRR12955958,Companion Animal,2020,North America,United States,SRR12955958,PRJNA324565,SAMN16565207
SRR12991184,Companion Animal,2020,North America,United States,SRR12991184,PRJNA324565,SAMN16662052
SRR12991185,Companion Animal,2020,North America,United States,SRR12991185,PRJNA324565,SAMN16662051
SRR1314313,Human,2011,North America,United States,SRR1314313,PRJNA248737,SAMN02801910
SRR1314405,Human,2011,North America,United States,SRR1314405,PRJNA248737,SAMN02802002
SRR1314466,Human,2011,North America,United States,SRR1314466,PRJNA248737,SAMN02802063
SRR1314585,Human,2011,North America,United States,SRR1314585,PRJNA248737,SAMN02802182
SRR3050915,Human,2010,Europe,United Kingdom,SRR3050915,PRJNA306133,SAMN04357566
SRR3050925,Human,2010,Europe,United Kingdom,SRR3050925,PRJNA306133,SAMN04357576
SRR3051033,Human,2009,Europe,United Kingdom,SRR3051033,PRJNA306133,SAMN04357684
SRR3578293,Human,2015,Europe,United Kingdom,SRR3578293,PRJNA315192,SAMN05170582
SRR3578599,Human,2015,Europe,United Kingdom,SRR3578599,PRJNA315192,SAMN05170693
SRR3578921,Human,2015,Europe,United Kingdom,SRR3578921,PRJNA315192,SAMN05170886
SRR3579371,Human,2013,Europe,United Kingdom,SRR3579371,PRJNA315192,SAMN05171041
SRR4897731,Human,2015,Europe,United Kingdom,SRR4897731,PRJNA315192,SAMN05980996
SRR5006336,Human,2015,Europe,United Kingdom,SRR5006336,PRJNA315192,SAMN06006310
SRR5017547,Human,2015,Europe,United Kingdom,SRR5017547,PRJNA315192,SAMN06015047
SRR5306026,Human,2015,North America,United States,SRR5306026,PRJNA218110,SAMN04633640
SRR5642062,Human,2013,North America,United States,SRR5642062,PRJNA388450,SAMN07189560
SRR6160438,Companion Animal,2017,North America,United States,SRR6160438,PRJNA318589,SAMN07747812
SRR6376578,Wild Animal,2016,North America,United States,SRR6376578,PRJNA421990,SAMN08162480
SRR6724063,Companion Animal,2016,Europe,Germany,SRR6724063,PRJNA433857,SAMN08519292
SRR6742565,Companion Animal,2017,North America,United States,SRR6742565,PRJNA324565,SAMN08518910
SRR6875375,Companion Animal,2017,North America,United States,SRR6875375,PRJNA324573,SAMN08596257
SRR7064471,Environment,2000,North America,United States,SRR7064471,PRJNA357722,SAMN08978064
SRR7064554,Environment,2000,North America,United States,SRR7064554,PRJNA357722,SAMN08978132
SRR7251021,Human,2015,Europe,United Kingdom,SRR7251021,PRJNA248792,SAMN09298346
SRR7296758,Human,2017,North America,United States,SRR7296758,PRJNA475751,SAMN09400805
SRR7304399,Human,1996,North America,United States,SRR7304399,PRJNA475142,SAMN09405772
SRR7304400,Human,1998,North America,United States,SRR7304400,PRJNA475142,SAMN09405771
SRR7304401,Human,1998,North America,United States,SRR7304401,PRJNA475142,SAMN09405770
SRR7500732,Environment,2000,North America,United States,SRR7500732,PRJNA357722,SAMN09470484
SRR7521740,Companion Animal,2017,North America,Canada,SRR7521740,PRJNA318589,SAMN09630330
SRR7588681,Human,2018,Europe,United Kingdom,SRR7588681,PRJNA248792,SAMN09710735
SRR7638091,Companion Animal,2018,North America,United States,SRR7638091,PRJNA324573,SAMN09729018
SRR7659844,Companion Animal,2016,North America,United States,SRR7659844,PRJNA338676,SAMN09784500
SRR7660838,Companion Animal,2016,North America,United States,SRR7660838,PRJNA338676,SAMN09784517
SRR7690507,Livestock,1982,North America,United States,SRR7690507,PRJNA357722,SAMN09060930
SRR7690633,Livestock,1982,North America,United States,SRR7690633,PRJNA357722,SAMN09060918
SRR7765064,Companion Animal,2018,North America,United States,SRR7765064,PRJNA324573,SAMN09839638
SRR7788220,Aquatic Animal,2016,North America,United States,SRR7788220,PRJNA357722,SAMN09954438
SRR7788223,Aquatic Animal,2016,North America,United States,SRR7788223,PRJNA357722,SAMN09954407
SRR7788246,Aquatic Animal,2016,North America,United States,SRR7788246,PRJNA357722,SAMN09954443
SRR7788260,Companion Animal,2018,North America,United States,SRR7788260,PRJNA318591,SAMN09951495
SRR7788266,Companion Animal,2018,North America,United States,SRR7788266,PRJNA318591,SAMN09951494
SRR7799230,Companion Animal,2018,North America,United States,SRR7799230,PRJNA318591,SAMN09951523
SRR784241,Human,2004,Europe,Denmark,SRR784241,PRJNA186185,SAMN01885798
SRR7853506,Companion Animal,2018,North America,United States,SRR7853506,PRJNA318589,SAMN10078343
SRR7889221,Environment,2003,North America,United States,SRR7889221,PRJNA357722,SAMN10102590
SRR7904907,Environment,2004,North America,United States,SRR7904907,PRJNA357722,SAMN10132568
SRR7967826,Human,2013,Oceania,Australia,SRR7967826,PRJNA480723,SAMN10180207
SRR800432,Human,2003,Europe,Denmark,SRR800432,PRJNA186081,SAMN01885708
SRR8062190,Companion Animal,2018,North America,United States,SRR8062190,PRJNA318589,SAMN10246200
SRR8084429,Companion Animal,2018,North America,United States,SRR8084429,PRJNA325243,SAMN10262357
SRR8099014,Companion Animal,2018,North America,United States,SRR8099014,PRJNA324573,SAMN10283404
SRR8099021,Companion Animal,2018,North America,United States,SRR8099021,PRJNA324573,SAMN10283416
SRR8176779,Companion Animal,2018,North America,United States,SRR8176779,PRJNA324573,SAMN10396969
SRR8206988,Companion Animal,2018,North America,Canada,SRR8206988,PRJNA318589,SAMN10078981
SRR8207013,Companion Animal,2018,North America,United States,SRR8207013,PRJNA324573,SAMN10416384
SRR8216447,Companion Animal,2018,North America,United States,SRR8216447,PRJNA318589,SAMN10442528
SRR8236051,Companion Animal,2018,North America,United States,SRR8236051,PRJNA318591,SAMN10393224
SRR8236058,Companion Animal,2018,North America,United States,SRR8236058,PRJNA318591,SAMN10393204
SRR8258291,Companion Animal,2018,North America,United States,SRR8258291,PRJNA324565,SAMN10457078
SRR8297456,Companion Animal,2018,North America,United States,SRR8297456,PRJNA324573,SAMN10478629
SRR8397437,Companion Animal,2018,North America,United States,SRR8397437,PRJNA318589,SAMN10686132
SRR8526932,Companion Animal,2018,North America,United States,SRR8526932,PRJNA324565,SAMN10751944
SRR8541299,Human,2013,North America,Canada,SRR8541299,PRJNA516477,SAMN10821388
SRR8541385,Human,2013,North America,Canada,SRR8541385,PRJNA516477,SAMN10821474
SRR8544057,Companion Animal,2018,North America,United States,SRR8544057,PRJNA318589,SAMN10883179
SRR8632524,Companion Animal,2018,North America,United States,SRR8632524,PRJNA324573,SAMN11022081
SRR8632526,Companion Animal,2018,North America,United States,SRR8632526,PRJNA324573,SAMN11022117
SRR8632533,Companion Animal,2018,North America,United States,SRR8632533,PRJNA324573,SAMN11022120
SRR8632714,Companion Animal,2018,North America,United States,SRR8632714,PRJNA324573,SAMN11022126
SRR8728078,Companion Animal,2018,North America,United States,SRR8728078,PRJNA318591,SAMN11127476
SRR8728083,Companion Animal,2018,North America,United States,SRR8728083,PRJNA318591,SAMN11127475
SRR8728085,Companion Animal,2018,North America,United States,SRR8728085,PRJNA318591,SAMN11127483
SRR8728086,Companion Animal,2018,North America,United States,SRR8728086,PRJNA318591,SAMN11127473
SRR8728096,Companion Animal,2018,North America,United States,SRR8728096,PRJNA318591,SAMN11127498
SRR8737952,Environment,2017,Europe,Germany,SRR8737952,PRJNA526980,SAMN11125194
SRR8738079,Environment,2017,Europe,Germany,SRR8738079,PRJNA526980,SAMN11125085
SRR8738211,Environment,2016,Europe,Germany,SRR8738211,PRJNA526980,SAMN11124818
SRR8738218,Environment,2016,Europe,Germany,SRR8738218,PRJNA526980,SAMN11124811
SRR8767331,Companion Animal,2018,North America,United States,SRR8767331,PRJNA324573,SAMN11102867
SRR8776507,Companion Animal,2017,Europe,Italy,SRR8776507,PRJNA528851,SAMN11246506
SRR8776709,Companion Animal,2017,Europe,Italy,SRR8776709,PRJNA528851,SAMN11246495
SRR8861527,Companion Animal,2018,North America,United States,SRR8861527,PRJNA324565,SAMN11352641
SRR8868738,Companion Animal,2018,North America,Canada,SRR8868738,PRJNA318589,SAMN11371659
SRR8868859,Companion Animal,2018,North America,United States,SRR8868859,PRJNA318589,SAMN11371681
SRR8926896,Companion Animal,2018,North America,United States,SRR8926896,PRJNA324573,SAMN11461884
SRR9016900,Companion Animal,2018,North America,United States,SRR9016900,PRJNA318591,SAMN11581017
SRR9016923,Companion Animal,2018,North America,United States,SRR9016923,PRJNA318591,SAMN11581027
SRR9029425,Companion Animal,2018,North America,United States,SRR9029425,PRJNA318591,SAMN11604733
SRR9029457,Companion Animal,2018,North America,United States,SRR9029457,PRJNA318591,SAMN11604757
SRR9029549,Companion Animal,2018,North America,United States,SRR9029549,PRJNA318591,SAMN11604836
SRR9029851,Companion Animal,2018,North America,United States,SRR9029851,PRJNA318591,SAMN11604747
SRR9051983,Companion Animal,2017,North America,United States,SRR9051983,PRJNA338676,SAMN11640228
SRR9114555,Companion Animal,2018,North America,United States,SRR9114555,PRJNA324573,SAMN11842174
SRR9301022,Companion Animal,2018,North America,United States,SRR9301022,PRJNA325243,SAMN12056306
SRR9301025,Companion Animal,2018,North America,United States,SRR9301025,PRJNA325243,SAMN12056317
SRR9301057,Companion Animal,2018,North America,United States,SRR9301057,PRJNA324573,SAMN12056334
SRR9301059,Companion Animal,2018,North America,United States,SRR9301059,PRJNA324573,SAMN12056336
SRR9302377,Companion Animal,2016,North America,United States,SRR9302377,PRJNA230968,SAMN12057929
SRR958598,Human,1996,Europe,Sweden,SRR958598,PRJNA186300,SAMN01885910
SRR9616063,Human,2017,Europe,France,SRR9616063,PRJNA551371,SAMN12145194
SRR9617625,Companion Animal,2019,North America,United States,SRR9617625,PRJNA324565,SAMN12175410
SRR9694239,Companion Animal,2018,North America,United States,SRR9694239,PRJNA324573,SAMN12286867
SRR9734950,Companion Animal,2019,North America,United States,SRR9734950,PRJNA324565,SAMN12344205
SRR9831357,Companion Animal,2019,North America,United States,SRR9831357,PRJNA338676,SAMN12360687
SRR9901263,Companion Animal,2018,North America,United States,SRR9901263,PRJNA324573,SAMN12497059
SRR9914210,Companion Animal,2005,North America,United States,SRR9914210,PRJNA357722,SAMN12438585
SRR9984736,Livestock,2018,North America,United States,SRR9984736,PRJNA292663,SAMN12359688
SRR9995620,Companion Animal,2018,North America,United States,SRR9995620,PRJNA318589,SAMN12601405
SRR9997955,Companion Animal,2018,North America,United States,SRR9997955,PRJNA318589,SAMN12603150
SRR9998284,Companion Animal,2018,North America,United States,SRR9998284,PRJNA318589,SAMN12601672
SRR9998325,Companion Animal,2018,North America,Canada,SRR9998325,PRJNA318589,SAMN12601727
T10,Companion Animal,2017,Europe,France,SRR18803075,PRJNA827950,SAMN27625403
U04,Companion Animal,2017,Europe,France,SRR18803073,PRJNA827950,SAMN27625404
V17,Companion Animal,2017,Europe,France,SRR18803072,PRJNA827950,SAMN27625405
V43,Companion Animal,2017,Europe,France,SRR18803071,PRJNA827950,SAMN27625406